Date,Predicted_Revenue,Lower_Bound,Upper_Bound
2021-02-01,25541.31,0.0,53453.86
2021-02-02,37943.41,10205.91,66254.24
2021-02-03,51486.38,24522.06,80339.25
2021-02-04,57962.11,32289.19,86412.98
2021-02-05,46991.99,17432.27,77213.95
2021-02-06,75540.55,45317.03,105271.52
2021-02-07,20580.58,0.0,47653.55
2021-02-08,46451.8,17643.36,75860.93
2021-02-09,58477.46,31149.23,86538.09
2021-02-10,71583.2,42146.37,99219.31
2021-02-11,77452.08,48538.4,104388.28
2021-02-12,65421.76,39291.6,95382.68
2021-02-13,92364.22,63874.54,119299.6
2021-02-14,35325.28,6394.31,65839.19
2021-02-15,59265.82,33634.08,89472.41
2021-02-16,69875.18,39897.47,97664.88
2021-02-17,82249.48,52711.8,108873.22
2021-02-18,87830.19,58866.05,116184.18
2021-02-19,75462.76,48750.57,105830.66
2021-02-20,101582.73,72321.74,129428.07
2021-02-21,42797.04,13478.13,68325.6
2021-02-22,64121.7,34312.91,92024.81
2021-02-23,71256.66,43558.14,99807.95
2021-02-24,79587.71,51403.87,107370.94
2021-02-25,80964.82,53283.05,110547.61
2021-02-26,64689.03,35612.75,93686.87
2021-02-27,87608.53,58072.05,114385.89
2021-02-28,26329.51,0.0,53825.83
2021-03-01,45898.17,17836.25,75159.79
2021-03-02,51717.48,22129.68,80217.05
2021-03-03,59101.64,29989.14,88308.66
2021-03-04,59997.17,32144.71,89049.25
2021-03-05,43854.88,15230.75,72065.35
2021-03-06,67568.61,38590.74,94917.86
2021-03-07,7348.99,0.0,35741.98
2021-03-08,27985.86,0.0,57036.2
2021-03-09,34524.82,4211.0,63086.15
2021-03-10,42359.37,12064.51,70341.62
2021-03-11,43751.79,14803.04,73098.5
2021-03-12,28443.14,0.0,55964.19
2021-03-13,53405.95,26029.02,81728.11
2021-03-14,0.0,0.0,22697.38
2021-03-15,16311.34,0.0,43618.36
2021-03-16,23828.29,0.0,51000.69
2021-03-17,32739.2,5973.0,61612.35
2021-03-18,35749.13,9709.21,63404.69
2021-03-19,22867.02,0.0,50825.21
2021-03-20,51017.48,22298.85,80357.14
2021-03-21,0.0,0.0,22918.62
2021-03-22,20470.57,0.0,47992.19
2021-03-23,30359.92,2953.12,58694.95
2021-03-24,40601.33,12247.08,68984.19
2021-03-25,43846.1,14791.93,74877.83
2021-03-26,30239.23,3107.68,58699.91
2021-03-27,57072.72,30600.79,83664.68
2021-03-28,0.0,0.0,29762.75
2021-03-29,23596.66,0.0,52190.68
2021-03-30,32572.18,3460.5,63381.51
2021-03-31,42294.6,12924.47,70517.31
2021-04-01,45204.36,16734.73,74190.71
2021-04-02,31266.47,1797.71,58383.23
2021-04-03,57844.95,29786.09,86725.07
2021-04-04,571.36,0.0,28789.25
2021-04-05,24517.63,0.0,52305.84
2021-04-06,33956.04,5175.89,62582.69
2021-04-07,43991.94,14818.74,70098.52
2021-04-08,46712.36,20384.52,76078.93
2021-04-09,31995.99,2610.51,61972.32
2021-04-10,57519.22,31378.87,87387.44
2021-04-11,0.0,0.0,27738.08
2021-04-12,22450.9,0.0,53198.04
2021-04-13,31396.63,1102.97,59054.46
2021-04-14,40868.34,11547.57,70198.48
2021-04-15,42791.07,12736.2,71456.1
2021-04-16,27211.76,0.0,52855.85
2021-04-17,52310.65,25124.38,79827.72
2021-04-18,0.0,0.0,23344.56
2021-04-19,18940.47,0.0,46402.56
2021-04-20,29928.58,3217.35,58097.8
2021-04-21,41604.63,12295.24,70924.8
2021-04-22,45347.75,16135.92,72773.31
2021-04-23,30824.23,2638.23,59892.75
2021-04-24,56119.53,26469.05,85691.39
2021-04-25,0.0,0.0,24989.59
2021-04-26,20757.02,0.0,48140.91
2021-04-27,30225.62,935.17,58522.81
2021-04-28,40566.84,13311.54,69888.24
2021-04-29,43472.71,16200.38,72134.93
2021-04-30,28679.74,1347.07,57198.62
2021-05-01,54168.49,26452.38,82166.24
2021-05-02,0.0,0.0,23246.45
2021-05-03,19567.72,0.0,48987.4
2021-05-04,29651.23,1369.94,57373.62
2021-05-05,40928.06,12741.0,69099.97
2021-05-06,45070.21,15285.34,73413.56
2021-05-07,31525.86,3424.2,61989.93
2021-05-08,57922.38,30028.35,89513.97
2021-05-09,0.0,0.0,28621.86
2021-05-10,23234.83,0.0,52789.53
2021-05-11,32824.05,4540.48,61846.27
2021-05-12,43736.61,16656.79,71372.5
2021-05-13,47692.48,18771.26,75328.01
2021-05-14,33904.66,5350.3,62424.25
2021-05-15,59797.04,30409.16,86481.74
2021-05-16,680.31,0.0,28125.42
2021-05-17,23464.41,0.0,51233.71
2021-05-18,32811.93,2061.0,57513.12
2021-05-19,44332.31,15860.99,71262.65
2021-05-20,49667.84,22442.39,77379.53
2021-05-21,37601.75,6027.47,65571.4
2021-05-22,65059.57,36828.01,94179.39
2021-05-23,6775.44,0.0,34961.39
2021-05-24,29568.64,1020.69,58783.23
2021-05-25,37980.03,9871.81,67210.94
2021-05-26,47792.07,19763.74,76958.98
2021-05-27,50962.31,21036.72,78297.15
2021-05-28,36694.38,8832.21,63408.73
2021-05-29,62376.4,32843.6,91372.1
2021-05-30,2847.47,0.0,31801.0
2021-05-31,25043.46,0.0,52884.28
2021-06-01,33197.42,4044.17,60339.38
2021-06-02,42920.06,15125.27,69916.41
2021-06-03,46162.35,19255.65,74328.4
2021-06-04,32270.67,3150.05,61803.83
2021-06-05,58786.23,31670.85,89525.84
2021-06-06,283.99,0.0,28289.45
2021-06-07,23482.69,0.0,50338.98
2021-06-08,32155.2,3618.55,60495.55
2021-06-09,41829.97,14179.86,69074.63
2021-06-10,44692.04,17284.47,73005.63
2021-06-11,30455.67,3301.96,59249.68
2021-06-12,56925.36,28743.23,84980.76
2021-06-13,0.0,0.0,25193.57
2021-06-14,21613.59,0.0,49559.06
2021-06-15,29937.18,2307.15,56928.09
2021-06-16,39135.85,8436.55,66779.08
2021-06-17,41836.33,12532.06,71668.84
2021-06-18,28178.64,1565.67,54635.88
2021-06-19,56149.49,26983.83,83892.31
2021-06-20,0.0,0.0,28477.88
2021-06-21,25065.05,0.0,52038.69
2021-06-22,35116.48,5644.74,62546.18
2021-06-23,45223.13,17795.98,74061.9
2021-06-24,47860.81,20336.22,76899.13
2021-06-25,33221.04,1684.16,60592.98
2021-06-26,59585.13,30495.79,90118.38
2021-06-27,1175.42,0.0,31331.95
2021-06-28,24804.38,0.0,53523.24
2021-06-29,33600.21,5558.94,62623.22
2021-06-30,43028.34,15916.75,69655.54
2021-07-01,45402.59,18577.71,72304.99
2021-07-02,30672.14,1946.49,59097.76
2021-07-03,57068.62,28591.29,84691.87
2021-07-04,0.0,0.0,29719.43
2021-07-05,22960.81,0.0,51321.87
2021-07-06,32610.0,3265.05,61352.14
2021-07-07,42938.42,13879.52,72102.1
2021-07-08,45843.06,19131.41,73867.89
2021-07-09,31006.85,1632.86,60359.66
2021-07-10,56802.82,28255.76,85442.25
2021-07-11,0.0,0.0,27190.94
2021-07-12,21206.71,0.0,48910.13
2021-07-13,30426.75,4100.48,58838.76
2021-07-14,40313.92,11890.11,69345.34
2021-07-15,42499.51,13546.03,68964.96
2021-07-16,26658.92,0.0,52582.54
2021-07-17,51568.43,23572.05,78738.3
2021-07-18,0.0,0.0,19091.23
2021-07-19,16167.73,0.0,44831.57
2021-07-20,26790.28,0.0,56750.96
2021-07-21,38491.72,8738.19,67565.98
2021-07-22,42341.64,14262.02,70153.32
2021-07-23,27546.5,1066.23,52675.13
2021-07-24,52690.18,25949.71,79617.37
2021-07-25,0.0,0.0,20959.86
2021-07-26,15199.63,0.0,44959.87
2021-07-27,24052.09,0.0,52788.71
2021-07-28,34025.48,5499.04,61698.14
2021-07-29,36590.84,5806.66,66189.24
